DIS,INDUS,CRIM,RM,MEDV
4.09,2.31,0.00632,6.575,24.0
4.9671,7.07,0.02731,6.421,21.6
4.9671,7.07,0.02729,7.185,34.7
6.0622,2.18,0.03237,6.998,33.4
6.0622,2.18,0.06905,7.147,36.2
6.0622,2.18,0.02985,6.43,28.7
5.5605,7.87,0.08829,6.012,22.9
5.9505,7.87,0.14455,6.172,27.1
6.0821,7.87,0.21124,5.631,16.5
6.5921,7.87,0.17004,6.004,18.9
6.3467,7.87,0.22489,6.377,15.0
6.2267,7.87,0.11747,6.009,18.9
5.4509,7.87,0.09378,5.889,21.7
4.7075,8.14,0.62976,5.949,20.4
4.4619,8.14,0.63796,6.096,18.2
4.4986,8.14,0.62739,5.834,19.9
4.4986,8.14,1.05393,5.935,23.1
4.2579,8.14,0.7842,5.99,17.5
3.7965,8.14,0.80271,5.456,20.2
3.7965,8.14,0.7258,5.727,18.2
3.7979,8.14,1.25179,5.57,13.6
4.0123,8.14,0.85204,5.965,19.6
3.9769,8.14,1.23247,6.142,15.2
4.0952,8.14,0.98843,5.813,14.5
4.3996,8.14,0.75026,5.924,15.6
4.4546,8.14,0.84054,5.599,13.9
4.682,8.14,0.67191,5.813,16.6
4.4534,8.14,0.95577,6.047,14.8
4.4547,8.14,0.77299,6.495,18.4
4.239,8.14,1.00245,6.674,21.0
4.233,8.14,1.13081,5.713,12.7
4.175,8.14,1.35472,6.072,14.5
3.99,8.14,1.38799,5.95,13.2
3.7872,8.14,1.15172,5.701,13.1
3.7598,8.14,1.61282,6.096,13.5
3.3603,5.96,0.06417,5.933,18.9
3.3779,5.96,0.09744,5.841,20.0
3.9342,5.96,0.08014,5.85,21.0
3.8473,5.96,0.17505,5.966,24.7
5.4011,2.95,0.02763,6.595,30.8
5.4011,2.95,0.03359,7.024,34.9
5.7209,6.91,0.12744,6.77,26.6
5.7209,6.91,0.1415,6.169,25.3
5.7209,6.91,0.15936,6.211,24.7
5.7209,6.91,0.12269,6.069,21.2
5.1004,6.91,0.17142,5.682,19.3
5.1004,6.91,0.18836,5.786,20.0
5.6894,6.91,0.22927,6.03,16.6
5.87,6.91,0.25387,5.399,14.4
6.0877,6.91,0.21977,5.602,19.4
6.8147,5.64,0.08873,5.963,19.7
6.8147,5.64,0.04337,6.115,20.5
6.8147,5.64,0.0536,6.511,25.0
6.8147,5.64,0.04981,5.998,23.4
7.3197,4.0,0.0136,5.888,18.9
8.6966,1.22,0.01311,7.249,35.4
9.1876,0.74,0.02055,6.383,24.7
8.3248,1.32,0.01432,6.816,31.6
7.8148,5.13,0.15445,6.145,23.3
6.932,5.13,0.10328,5.927,19.6
7.2254,5.13,0.14932,5.741,18.7
6.8185,5.13,0.17171,5.966,16.0
7.2255,5.13,0.11027,6.456,22.2
7.9809,5.13,0.1265,6.762,25.0
9.2229,1.38,0.01951,7.104,33.0
6.6115,3.37,0.03584,6.29,23.5
6.6115,3.37,0.04379,5.787,19.4
6.498,6.07,0.05789,5.878,22.0
6.498,6.07,0.13554,5.594,17.4
6.498,6.07,0.12816,5.885,20.9
5.2873,10.81,0.08826,6.417,24.2
5.2873,10.81,0.15876,5.961,21.7
5.2873,10.81,0.09164,6.065,22.8
5.2873,10.81,0.19539,6.245,23.4
4.2515,12.83,0.07896,6.273,24.1
4.5026,12.83,0.09512,6.286,21.4
4.0522,12.83,0.10153,6.279,20.0
4.0905,12.83,0.08707,6.14,20.8
5.0141,12.83,0.05646,6.232,21.2
4.5026,12.83,0.08387,5.874,20.3
5.4007,4.86,0.04113,6.727,28.0
5.4007,4.86,0.04462,6.619,23.9
5.4007,4.86,0.03659,6.302,24.8
5.4007,4.86,0.03551,6.167,22.9
4.7794,4.49,0.05059,6.389,23.9
4.4377,4.49,0.05735,6.63,26.6
4.4272,4.49,0.05188,6.015,22.5
3.7476,4.49,0.07151,6.121,22.2
3.4217,3.41,0.0566,7.007,23.6
3.4145,3.41,0.05302,7.079,28.7
3.0923,3.41,0.04684,6.417,22.6
3.0921,3.41,0.03932,6.405,22.0
3.6659,15.04,0.04203,6.442,22.9
3.6659,15.04,0.02875,6.211,25.0
3.615,15.04,0.04294,6.249,20.6
3.4952,2.89,0.12204,6.625,28.4
3.4952,2.89,0.11504,6.163,21.4
3.4952,2.89,0.12083,8.069,38.7
3.4952,2.89,0.08187,7.82,43.8
3.4952,2.89,0.0686,7.416,33.2
2.7778,8.56,0.14866,6.727,27.5
2.8561,8.56,0.11432,6.781,26.5
2.7147,8.56,0.22876,6.405,18.6
2.7147,8.56,0.21161,6.137,19.3
2.421,8.56,0.1396,6.167,20.1
2.1069,8.56,0.13262,5.851,19.5
2.211,8.56,0.1712,5.836,19.5
2.1224,8.56,0.13117,6.127,20.4
2.4329,8.56,0.12802,6.474,19.8
2.5451,8.56,0.26363,6.229,19.4
2.7778,8.56,0.10793,6.195,21.7
2.6775,10.01,0.10084,6.715,22.8
2.3534,10.01,0.12329,5.913,18.8
2.548,10.01,0.22212,6.092,18.7
2.2565,10.01,0.14231,6.254,18.5
2.4631,10.01,0.17134,5.928,18.3
2.7301,10.01,0.13158,6.176,21.2
2.7474,10.01,0.15098,6.021,19.2
2.4775,10.01,0.13058,5.872,20.4
2.7592,10.01,0.14476,5.731,19.3
2.2577,25.65,0.06899,5.87,22.0
2.1974,25.65,0.07165,6.004,20.3
2.0869,25.65,0.09299,5.961,20.5
1.9444,25.65,0.15038,5.856,17.3
2.0063,25.65,0.09849,5.879,18.8
1.9929,25.65,0.16902,5.986,21.4
1.7572,25.65,0.38735,5.613,15.7
1.7883,21.89,0.25915,5.693,16.2
1.8125,21.89,0.32543,6.431,18.0
1.9799,21.89,0.88125,5.637,14.3
2.1185,21.89,0.34006,6.458,19.2
2.271,21.89,1.19294,6.326,19.6
2.3274,21.89,0.59005,6.372,23.0
2.4699,21.89,0.32982,5.822,18.4
2.346,21.89,0.97617,5.757,15.6
2.1107,21.89,0.55778,6.335,18.1
1.9669,21.89,0.32264,5.942,17.4
1.8498,21.89,0.35233,6.454,17.1
1.6686,21.89,0.2498,5.857,13.3
1.6687,21.89,0.54452,6.151,17.8
1.6119,21.89,0.2909,6.174,14.0
1.4394,21.89,1.62864,5.019,14.4
1.3216,19.58,3.32105,5.403,13.4
1.4118,19.58,4.0974,5.468,15.6
1.3459,19.58,2.77974,4.903,11.8
1.4191,19.58,2.37934,6.13,13.8
1.5166,19.58,2.15505,5.628,15.6
1.4608,19.58,2.36862,4.926,14.6
1.5296,19.58,2.33099,5.186,17.8
1.5257,19.58,2.73397,5.597,15.4
1.618,19.58,1.6566,6.122,21.5
1.5916,19.58,1.49632,5.404,19.6
1.6102,19.58,1.12658,5.012,15.3
1.6232,19.58,2.14918,5.709,19.4
1.7494,19.58,1.41385,6.129,17.0
1.7455,19.58,3.53501,6.152,15.6
1.7364,19.58,2.44668,5.272,13.1
1.8773,19.58,1.22358,6.943,41.3
1.7573,19.58,1.34284,6.066,24.3
1.7659,19.58,1.42502,6.51,23.3
1.7984,19.58,1.27346,6.25,27.0
1.9709,19.58,1.46336,7.489,50.0
2.0407,19.58,1.83377,7.802,50.0
2.162,19.58,1.51902,8.375,50.0
2.422,19.58,2.24236,5.854,22.7
2.2834,19.58,2.924,6.101,25.0
2.0459,19.58,2.01019,7.929,50.0
2.4259,19.58,1.80028,5.877,23.8
2.1,19.58,2.3004,6.319,23.8
2.2625,19.58,2.44953,6.402,22.3
2.4259,19.58,1.20742,5.875,17.4
2.3887,19.58,2.3139,5.88,19.1
2.5961,4.05,0.13914,5.572,23.1
2.6463,4.05,0.09178,6.416,23.6
2.7019,4.05,0.08447,5.859,22.6
3.1323,4.05,0.06664,6.546,29.4
3.5549,4.05,0.07022,6.02,23.2
3.3175,4.05,0.05425,6.315,24.6
2.9153,4.05,0.06642,6.86,29.9
2.829,2.46,0.0578,6.98,37.2
2.741,2.46,0.06588,7.765,39.8
2.5979,2.46,0.06888,6.144,36.2
2.7006,2.46,0.09103,7.155,37.9
2.847,2.46,0.10008,6.563,32.5
2.9879,2.46,0.08308,5.604,26.4
3.2797,2.46,0.06047,6.153,29.6
3.1992,2.46,0.05602,7.831,50.0
3.7886,3.44,0.07875,6.782,32.0
4.5667,3.44,0.12579,6.556,29.8
4.5667,3.44,0.0837,7.185,34.9
6.4798,3.44,0.09068,6.951,37.0
6.4798,3.44,0.06911,6.739,30.5
6.4798,3.44,0.08664,7.178,36.4
6.2196,2.93,0.02187,6.8,31.1
6.2196,2.93,0.01439,6.604,29.1
5.6484,0.46,0.01381,7.875,50.0
7.309,1.52,0.04011,7.287,33.3
7.309,1.52,0.04666,7.107,30.3
7.309,1.52,0.03768,7.274,34.6
7.6534,1.47,0.0315,6.975,34.9
7.6534,1.47,0.01778,7.135,32.9
6.27,2.03,0.03445,6.162,24.1
6.27,2.03,0.02177,7.61,42.3
5.118,2.68,0.0351,7.853,48.5
5.118,2.68,0.02009,8.034,50.0
3.9454,10.59,0.13642,5.891,22.6
4.3549,10.59,0.22969,6.326,24.4
4.3549,10.59,0.25199,5.783,22.5
4.2392,10.59,0.13587,6.064,24.4
3.875,10.59,0.43571,5.344,20.0
3.8771,10.59,0.17446,5.96,21.7
3.665,10.59,0.37578,5.404,19.3
3.6526,10.59,0.21719,5.807,22.4
3.9454,10.59,0.14052,6.375,28.1
3.5875,10.59,0.28955,5.412,23.7
3.9454,10.59,0.19802,6.182,25.0
3.1121,13.89,0.0456,5.888,23.3
3.4211,13.89,0.07013,6.642,28.7
2.8893,13.89,0.11069,5.951,21.5
3.3633,13.89,0.11425,6.373,23.0
2.8617,6.2,0.35809,6.951,26.7
3.048,6.2,0.40771,6.164,21.7
3.2721,6.2,0.62356,6.879,27.5
3.2721,6.2,0.6147,6.618,30.1
2.8944,6.2,0.31533,8.266,44.8
2.8944,6.2,0.52693,8.725,50.0
3.2157,6.2,0.38214,8.04,37.6
3.2157,6.2,0.41238,7.163,31.6
3.3751,6.2,0.29819,7.686,46.7
3.3751,6.2,0.44178,6.552,31.5
3.6715,6.2,0.537,5.981,24.3
3.6715,6.2,0.46296,7.412,31.7
3.8384,6.2,0.57529,8.337,41.7
3.6519,6.2,0.33147,8.247,48.3
3.6519,6.2,0.44791,6.726,29.0
3.6519,6.2,0.33045,6.086,24.0
4.148,6.2,0.52058,6.631,25.1
4.148,6.2,0.51183,7.358,31.5
6.1899,4.93,0.08244,6.481,23.7
6.1899,4.93,0.09252,6.606,23.3
6.3361,4.93,0.11329,6.897,22.0
6.3361,4.93,0.10612,6.095,20.1
7.0355,4.93,0.1029,6.358,22.2
7.0355,4.93,0.12757,6.393,23.7
7.9549,5.86,0.20608,5.593,17.6
7.9549,5.86,0.19133,5.605,18.5
8.0555,5.86,0.33983,6.108,24.3
8.0555,5.86,0.19657,6.226,20.5
7.8265,5.86,0.16439,6.433,24.5
7.8265,5.86,0.19073,6.718,26.2
7.3967,5.86,0.1403,6.487,24.4
7.3967,5.86,0.21409,6.438,24.8
8.9067,5.86,0.08221,6.957,29.6
8.9067,5.86,0.36894,8.259,42.8
9.2203,3.64,0.04819,6.108,21.9
9.2203,3.64,0.03548,5.876,20.9
6.3361,3.75,0.01538,7.454,44.0
1.801,3.97,0.61154,8.704,50.0
1.8946,3.97,0.66351,7.333,36.0
2.0107,3.97,0.65665,6.842,30.1
2.1121,3.97,0.54011,7.203,33.8
2.1398,3.97,0.53412,7.52,43.1
2.2885,3.97,0.52014,8.398,48.8
2.0788,3.97,0.82526,7.327,31.0
1.9301,3.97,0.55007,7.206,36.5
1.9865,3.97,0.76162,5.56,22.8
2.1329,3.97,0.7857,7.014,30.7
2.4216,3.97,0.57834,8.297,50.0
2.872,3.97,0.5405,7.47,43.5
3.9175,6.96,0.09065,5.92,20.7
4.429,6.96,0.29916,5.856,21.1
4.429,6.96,0.16211,6.24,25.2
3.9175,6.96,0.1146,6.538,24.4
4.3665,6.96,0.22188,7.691,35.2
4.0776,6.41,0.05644,6.758,32.4
4.2673,6.41,0.09604,6.854,32.0
4.7872,6.41,0.10469,7.267,33.2
4.8628,6.41,0.06127,6.826,33.1
4.1403,6.41,0.07978,6.482,29.1
4.1007,3.33,0.21038,6.812,35.1
4.6947,3.33,0.03578,7.82,45.4
5.2447,3.33,0.03705,6.968,35.4
5.2119,3.33,0.06129,7.645,46.0
5.885,1.21,0.01501,7.923,50.0
7.3073,2.97,0.00906,7.088,32.2
7.3073,2.25,0.01096,6.453,22.0
9.0892,1.76,0.01965,6.23,20.1
7.3172,5.32,0.03871,6.209,23.2
7.3172,5.32,0.0459,6.315,22.3
7.3172,5.32,0.04297,6.565,24.8
5.1167,4.95,0.03502,6.861,28.5
5.1167,4.95,0.07886,7.148,37.3
5.1167,4.95,0.03615,6.63,27.9
5.5027,13.92,0.08265,6.127,23.9
5.5027,13.92,0.08199,6.009,21.7
5.9604,13.92,0.12932,6.678,28.6
5.9604,13.92,0.05372,6.549,27.1
6.32,13.92,0.14103,5.79,20.3
7.8278,2.24,0.06466,6.345,22.5
7.8278,2.24,0.05561,7.041,29.0
7.8278,2.24,0.04417,6.871,24.8
5.4917,6.09,0.03537,6.59,22.0
5.4917,6.09,0.09266,6.495,26.4
5.4917,6.09,0.1,6.982,33.1
4.022,2.18,0.05515,7.236,36.1
3.37,2.18,0.05479,6.616,28.4
3.0992,2.18,0.07503,7.42,33.4
3.1827,2.18,0.04932,6.849,28.2
3.3175,9.9,0.49298,6.635,22.8
3.1025,9.9,0.3494,5.972,20.3
2.5194,9.9,2.63548,4.973,16.1
2.6403,9.9,0.79041,6.122,22.1
2.834,9.9,0.26169,6.023,19.4
3.2628,9.9,0.26938,6.266,21.6
3.6023,9.9,0.3692,6.567,23.8
3.945,9.9,0.25356,5.705,16.2
3.9986,9.9,0.31827,5.914,17.8
4.0317,9.9,0.24522,5.782,19.8
3.5325,9.9,0.40202,6.382,23.1
4.0019,9.9,0.47547,6.113,21.0
4.5404,7.38,0.1676,6.426,23.8
4.5404,7.38,0.18159,6.376,23.1
4.7211,7.38,0.35114,6.041,20.4
4.7211,7.38,0.28392,5.708,18.5
4.7211,7.38,0.34109,6.415,25.0
5.4159,7.38,0.19186,6.431,24.6
5.4159,7.38,0.30347,6.312,23.0
5.4159,7.38,0.24103,6.083,22.2
5.2146,3.24,0.06617,5.868,19.3
5.2146,3.24,0.06724,6.333,22.6
5.8736,3.24,0.04544,6.144,19.8
6.6407,6.06,0.05023,5.706,17.1
6.6407,6.06,0.03466,6.031,19.4
6.4584,5.19,0.05083,6.316,22.2
6.4584,5.19,0.03738,6.31,20.7
5.9853,5.19,0.03961,6.037,21.1
5.2311,5.19,0.03427,5.869,19.5
5.615,5.19,0.03041,5.895,18.5
4.8122,5.19,0.03306,6.059,20.6
4.8122,5.19,0.05497,5.985,19.0
4.8122,5.19,0.06151,5.968,18.7
7.0379,1.52,0.01301,7.241,32.7
6.2669,1.89,0.02498,6.54,16.5
5.7321,3.78,0.02543,6.696,23.9
6.4654,3.78,0.03049,6.874,31.2
8.0136,4.39,0.03113,6.014,17.5
8.0136,4.39,0.06162,5.898,17.2
8.5353,4.15,0.0187,6.516,23.1
8.344,2.01,0.01501,6.635,24.5
8.7921,1.25,0.02899,6.939,26.6
8.7921,1.25,0.06211,6.49,22.9
10.7103,1.69,0.0795,6.579,24.1
10.7103,1.69,0.07244,5.884,18.6
12.1265,2.02,0.01709,6.728,30.1
10.5857,1.91,0.04301,5.663,18.2
10.5857,1.91,0.10659,5.936,20.6
2.1222,18.1,8.98296,6.212,17.8
2.5052,18.1,3.8497,6.395,21.7
2.7227,18.1,5.20177,6.127,22.7
2.5091,18.1,4.26131,6.112,22.6
2.5182,18.1,4.54192,6.398,25.0
2.2955,18.1,3.83684,6.251,19.9
2.1036,18.1,3.67822,5.362,20.8
1.9047,18.1,4.22239,5.803,16.8
1.9047,18.1,3.47428,8.78,21.9
1.6132,18.1,4.55587,3.561,27.5
1.7523,18.1,3.69695,4.963,21.9
1.5106,18.1,13.5222,3.863,23.1
1.3325,18.1,4.89822,4.97,50.0
1.3567,18.1,5.66998,6.683,50.0
1.2024,18.1,6.53876,7.016,50.0
1.1691,18.1,9.2323,6.216,50.0
1.1296,18.1,8.26725,5.875,50.0
1.1742,18.1,11.1081,4.906,13.8
1.137,18.1,18.4982,4.138,13.8
1.3163,18.1,19.6091,7.313,15.0
1.3449,18.1,15.288,6.649,13.9
1.358,18.1,9.82349,6.794,13.3
1.3861,18.1,23.6482,6.38,13.1
1.3861,18.1,17.8667,6.223,10.2
1.4165,18.1,88.9762,6.968,10.4
1.5192,18.1,15.8744,6.545,10.9
1.5804,18.1,9.18702,5.536,11.3
1.5331,18.1,7.99248,5.52,12.3
1.4395,18.1,20.0849,4.368,8.8
1.4261,18.1,16.8118,5.277,7.2
1.4672,18.1,24.3938,4.652,10.5
1.5184,18.1,22.5971,5.0,7.4
1.5895,18.1,14.3337,4.88,10.2
1.7281,18.1,8.15174,5.39,11.5
1.9265,18.1,6.96215,5.713,15.1
2.1678,18.1,5.29305,6.051,23.2
1.77,18.1,11.5779,5.036,9.7
1.7912,18.1,8.64476,6.193,13.8
1.7821,18.1,13.3598,5.887,12.7
1.7257,18.1,8.71675,6.471,13.1
1.6768,18.1,5.87205,6.405,12.5
1.6334,18.1,7.67202,5.747,8.5
1.4896,18.1,38.3518,5.453,5.0
1.5004,18.1,9.91655,5.852,6.3
1.5888,18.1,25.0461,5.987,5.6
1.5741,18.1,14.2362,6.343,7.2
1.639,18.1,9.59571,6.404,12.1
1.7028,18.1,24.8017,5.349,8.3
1.6074,18.1,41.5292,5.531,8.5
1.4254,18.1,67.9208,5.683,5.0
1.1781,18.1,20.7162,4.138,11.9
1.2852,18.1,11.9511,5.608,27.9
1.4547,18.1,7.40389,5.617,17.2
1.4655,18.1,14.4383,6.852,27.5
1.413,18.1,51.1358,5.757,15.0
1.5275,18.1,14.0507,6.657,17.2
1.5539,18.1,18.811,4.628,17.9
1.5894,18.1,28.6558,5.155,16.3
1.6582,18.1,45.7461,4.519,7.0
1.8347,18.1,18.0846,6.434,7.2
1.8195,18.1,10.8342,6.782,7.5
1.6475,18.1,25.9406,5.304,10.4
1.8026,18.1,73.5341,5.957,8.8
1.794,18.1,11.8123,6.824,8.4
1.8589,18.1,11.0874,6.411,16.7
1.8746,18.1,7.02259,6.006,14.2
1.9512,18.1,12.0482,5.648,20.8
2.0218,18.1,7.05042,6.103,13.4
2.0635,18.1,8.79212,5.565,11.7
1.9096,18.1,15.8603,5.896,8.3
1.9976,18.1,12.2472,5.837,10.2
1.8629,18.1,37.6619,6.202,10.9
1.9356,18.1,7.36711,6.193,11.0
1.9682,18.1,9.33889,6.38,9.5
2.0527,18.1,8.49213,6.348,14.5
2.0882,18.1,10.0623,6.833,14.1
2.2004,18.1,6.44405,6.425,16.1
2.3158,18.1,5.58107,6.436,14.3
2.2222,18.1,13.9134,6.208,11.7
2.1247,18.1,11.1604,6.629,13.4
2.0026,18.1,14.4208,6.461,9.6
1.9142,18.1,15.1772,6.152,8.7
1.8206,18.1,13.6781,5.935,8.4
1.8172,18.1,9.39063,5.627,12.8
1.8662,18.1,22.0511,5.818,10.5
2.0651,18.1,9.72418,6.406,17.1
2.0048,18.1,5.66637,6.219,18.4
1.9784,18.1,9.96654,6.485,15.4
1.8956,18.1,12.8023,5.854,10.8
1.9879,18.1,10.6718,6.459,11.8
2.072,18.1,6.28807,6.341,14.9
2.198,18.1,9.92485,6.251,12.6
2.2616,18.1,9.32909,6.185,14.1
2.185,18.1,7.52601,6.417,13.0
2.3236,18.1,6.71772,6.749,13.4
2.3552,18.1,5.44114,6.655,15.2
2.3682,18.1,5.09017,6.297,16.1
2.4527,18.1,8.24809,7.393,17.8
2.4961,18.1,9.51363,6.728,14.9
2.4358,18.1,4.75237,6.525,14.1
2.5806,18.1,4.66883,5.976,12.7
2.7792,18.1,8.20058,5.936,13.5
2.7831,18.1,7.75223,6.301,14.9
2.7175,18.1,6.80117,6.081,20.0
2.5975,18.1,4.81213,6.701,16.4
2.5671,18.1,3.69311,6.376,17.7
2.7344,18.1,6.65492,6.317,19.5
2.8016,18.1,5.82115,6.513,20.2
2.9634,18.1,7.83932,6.209,21.4
3.0665,18.1,3.1636,5.759,19.9
2.8715,18.1,3.77498,5.952,19.0
2.5403,18.1,4.42228,6.003,19.1
2.9084,18.1,15.5757,5.926,19.1
2.8237,18.1,13.0751,5.713,20.1
3.0334,18.1,4.34879,6.167,19.9
3.0993,18.1,4.03841,6.229,19.6
2.8965,18.1,3.56868,6.437,23.2
2.5329,18.1,4.64689,6.98,29.8
2.4298,18.1,8.05579,5.427,13.8
2.206,18.1,6.39312,6.162,13.3
2.3053,18.1,4.87141,6.484,16.7
2.1007,18.1,15.0234,5.304,12.0
2.1705,18.1,10.233,6.185,14.6
1.9512,18.1,14.3337,6.229,21.4
3.4242,18.1,5.82401,6.242,23.0
3.3317,18.1,5.70818,6.75,23.7
3.4106,18.1,5.73116,7.061,25.0
4.0983,18.1,2.81838,5.762,21.8
3.724,18.1,2.37857,5.871,20.6
3.9917,18.1,3.67367,6.312,21.2
3.5459,18.1,5.69175,6.114,19.1
3.1523,18.1,4.83567,5.905,20.6
1.8209,27.74,0.15086,5.454,15.2
1.7554,27.74,0.18337,5.414,7.0
1.8226,27.74,0.20746,5.093,8.1
1.8681,27.74,0.10574,5.983,13.6
2.1099,27.74,0.11132,5.983,20.1
2.3817,9.69,0.17331,5.707,21.8
2.3817,9.69,0.27957,5.926,24.5
2.7986,9.69,0.17899,5.67,23.1
2.7986,9.69,0.2896,5.39,19.7
2.8927,9.69,0.26838,5.794,18.3
2.4091,9.69,0.23912,6.019,21.2
2.3999,9.69,0.17783,5.569,17.5
2.4982,9.69,0.22438,6.027,16.8
2.4786,11.93,0.06263,6.593,22.4
2.2875,11.93,0.04527,6.12,20.6
2.1675,11.93,0.06076,6.976,23.9
2.3889,11.93,0.10959,6.794,22.0
2.505,11.93,0.04741,6.03,11.9
